	A[C>A]A	A[C>A]C	A[C>A]G	A[C>A]T	C[C>A]A	C[C>A]C	C[C>A]G	C[C>A]T	G[C>A]A	G[C>A]C	G[C>A]G	G[C>A]T	T[C>A]A	T[C>A]C	T[C>A]G	T[C>A]T	A[C>G]A	A[C>G]C	A[C>G]G	A[C>G]T	C[C>G]A	C[C>G]C	C[C>G]G	C[C>G]T	G[C>G]A	G[C>G]C	G[C>G]G	G[C>G]T	T[C>G]A	T[C>G]C	T[C>G]G	T[C>G]T	A[C>T]A	A[C>T]C	A[C>T]G	A[C>T]T	C[C>T]A	C[C>T]C	C[C>T]G	C[C>T]T	G[C>T]A	G[C>T]C	G[C>T]G	G[C>T]T	T[C>T]A	T[C>T]C	T[C>T]G	T[C>T]T	A[T>A]A	A[T>A]C	A[T>A]G	A[T>A]T	C[T>A]A	C[T>A]C	C[T>A]G	C[T>A]T	G[T>A]A	G[T>A]C	G[T>A]G	G[T>A]T	T[T>A]A	T[T>A]C	T[T>A]G	T[T>A]T	A[T>C]A	A[T>C]C	A[T>C]G	A[T>C]T	C[T>C]A	C[T>C]C	C[T>C]G	C[T>C]T	G[T>C]A	G[T>C]C	G[T>C]G	G[T>C]T	T[T>C]A	T[T>C]C	T[T>C]G	T[T>C]T	A[T>G]A	A[T>G]C	A[T>G]G	A[T>G]T	C[T>G]A	C[T>G]C	C[T>G]G	C[T>G]T	G[T>G]A	G[T>G]C	G[T>G]G	G[T>G]T	T[T>G]A	T[T>G]C	T[T>G]G	T[T>G]T
CLL-CW114-Tumor-SM-4CQKE	50.0	28.0	8.0	31.0	52.0	18.0	4.0	46.0	39.0	21.0	1.0	39.0	30.0	26.0	2.0	57.0	24.0	7.0	3.0	9.0	8.0	8.0	3.0	10.0	9.0	9.0	3.0	12.0	8.0	10.0	2.0	23.0	62.0	41.0	92.0	43.0	52.0	56.0	51.0	97.0	54.0	51.0	69.0	60.0	28.0	36.0	50.0	42.0	42.0	28.0	32.0	37.0	18.0	12.0	8.0	21.0	8.0	12.0	7.0	20.0	50.0	11.0	24.0	38.0	71.0	25.0	43.0	58.0	32.0	22.0	35.0	40.0	32.0	34.0	26.0	30.0	43.0	29.0	24.0	68.0	42.0	7.0	14.0	19.0	22.0	10.0	21.0	47.0	9.0	5.0	4.0	23.0	72.0	13.0	14.0	77.0
CLL-CW119-Tumor-SM-4CQKK	33.0	42.0	8.0	33.0	34.0	22.0	8.0	30.0	41.0	26.0	2.0	40.0	52.0	29.0	2.0	76.0	19.0	9.0	3.0	20.0	8.0	7.0	4.0	13.0	6.0	7.0	1.0	18.0	18.0	11.0	2.0	29.0	73.0	32.0	110.0	36.0	41.0	36.0	52.0	58.0	30.0	35.0	96.0	59.0	37.0	45.0	46.0	61.0	59.0	29.0	34.0	65.0	22.0	25.0	22.0	24.0	17.0	11.0	17.0	26.0	72.0	15.0	46.0	57.0	99.0	42.0	49.0	91.0	37.0	35.0	34.0	71.0	38.0	40.0	41.0	40.0	49.0	45.0	37.0	91.0	97.0	9.0	21.0	31.0	50.0	18.0	30.0	89.0	14.0	8.0	11.0	40.0	140.0	19.0	30.0	139.0
CLL-CW126-Tumor-SM-4MERW	37.0	34.0	3.0	28.0	53.0	23.0	6.0	29.0	32.0	23.0	4.0	33.0	33.0	17.0	4.0	52.0	21.0	17.0	8.0	14.0	10.0	7.0	4.0	11.0	11.0	11.0	1.0	22.0	8.0	6.0	0.0	19.0	99.0	28.0	92.0	38.0	45.0	43.0	67.0	57.0	36.0	33.0	87.0	42.0	36.0	43.0	52.0	45.0	37.0	28.0	22.0	47.0	9.0	25.0	25.0	17.0	7.0	12.0	10.0	22.0	58.0	9.0	20.0	44.0	67.0	25.0	45.0	71.0	44.0	18.0	36.0	55.0	33.0	23.0	25.0	39.0	42.0	41.0	22.0	75.0	54.0	9.0	11.0	24.0	28.0	7.0	22.0	68.0	14.0	5.0	7.0	19.0	96.0	15.0	17.0	61.0
CLL-CW127-Tumor-SM-4CQKG	70.0	44.0	5.0	45.0	76.0	28.0	5.0	55.0	58.0	30.0	6.0	42.0	76.0	38.0	7.0	109.0	37.0	16.0	5.0	32.0	12.0	15.0	4.0	9.0	13.0	20.0	6.0	22.0	22.0	18.0	6.0	37.0	95.0	49.0	145.0	64.0	75.0	55.0	70.0	84.0	59.0	65.0	109.0	77.0	55.0	54.0	44.0	71.0	57.0	42.0	46.0	74.0	32.0	33.0	28.0	43.0	12.0	13.0	23.0	24.0	62.0	23.0	32.0	51.0	113.0	42.0	71.0	87.0	45.0	51.0	47.0	58.0	58.0	26.0	36.0	68.0	56.0	56.0	35.0	94.0	46.0	15.0	22.0	23.0	30.0	12.0	20.0	63.0	16.0	9.0	24.0	29.0	75.0	17.0	37.0	82.0
CLL-CW176-Tumor-SM-19DWL	55.0	69.0	11.0	52.0	51.0	34.0	6.0	38.0	33.0	27.0	3.0	37.0	24.0	37.0	8.0	41.0	33.0	8.0	5.0	15.0	10.0	12.0	2.0	14.0	12.0	11.0	4.0	18.0	17.0	12.0	1.0	30.0	97.0	27.0	180.0	56.0	42.0	47.0	90.0	78.0	51.0	46.0	121.0	67.0	43.0	61.0	66.0	59.0	25.0	36.0	41.0	53.0	18.0	25.0	27.0	36.0	14.0	8.0	17.0	21.0	33.0	19.0	14.0	30.0	65.0	24.0	45.0	59.0	18.0	28.0	20.0	29.0	30.0	20.0	22.0	38.0	47.0	37.0	20.0	31.0	15.0	5.0	16.0	12.0	3.0	5.0	12.0	15.0	2.0	3.0	10.0	10.0	8.0	5.0	19.0	21.0
CLL-JB-0003-Tumor-SM-41QJR	34.0	29.0	8.0	26.0	16.0	13.0	4.0	20.0	21.0	15.0	3.0	20.0	15.0	20.0	4.0	27.0	10.0	14.0	1.0	11.0	6.0	2.0	1.0	6.0	5.0	7.0	1.0	10.0	12.0	9.0	3.0	32.0	80.0	30.0	140.0	36.0	43.0	42.0	81.0	29.0	47.0	43.0	90.0	23.0	44.0	53.0	56.0	63.0	25.0	24.0	24.0	26.0	7.0	20.0	12.0	25.0	6.0	8.0	14.0	12.0	31.0	10.0	7.0	22.0	57.0	18.0	24.0	38.0	15.0	21.0	10.0	30.0	20.0	14.0	15.0	30.0	18.0	21.0	18.0	26.0	7.0	1.0	5.0	5.0	0.0	1.0	5.0	9.0	0.0	1.0	35.0	8.0	7.0	4.0	6.0	19.0
CLL-JB-0004-Tumor-SM-41QJS	48.0	37.0	7.0	40.0	31.0	22.0	2.0	14.0	31.0	15.0	5.0	22.0	34.0	20.0	3.0	30.0	15.0	6.0	3.0	16.0	10.0	11.0	1.0	16.0	6.0	6.0	0.0	9.0	13.0	8.0	1.0	26.0	84.0	49.0	167.0	50.0	55.0	63.0	70.0	57.0	50.0	60.0	137.0	50.0	54.0	64.0	56.0	50.0	24.0	30.0	30.0	37.0	17.0	18.0	13.0	26.0	6.0	7.0	17.0	18.0	18.0	9.0	10.0	29.0	65.0	10.0	45.0	59.0	15.0	24.0	20.0	25.0	28.0	25.0	17.0	35.0	30.0	26.0	17.0	34.0	12.0	5.0	11.0	7.0	2.0	3.0	9.0	9.0	7.0	2.0	17.0	8.0	12.0	9.0	9.0	19.0
CLL-JB-0005-Tumor-SM-41QJT	26.0	23.0	3.0	22.0	23.0	11.0	4.0	15.0	20.0	14.0	3.0	18.0	18.0	21.0	2.0	20.0	24.0	12.0	3.0	15.0	10.0	8.0	0.0	10.0	7.0	10.0	0.0	9.0	9.0	11.0	0.0	28.0	63.0	30.0	127.0	27.0	35.0	26.0	60.0	32.0	43.0	42.0	88.0	36.0	33.0	55.0	43.0	35.0	18.0	14.0	17.0	25.0	6.0	13.0	6.0	15.0	10.0	9.0	9.0	9.0	27.0	10.0	8.0	22.0	51.0	16.0	22.0	49.0	16.0	22.0	16.0	26.0	25.0	19.0	23.0	23.0	15.0	20.0	19.0	24.0	6.0	8.0	7.0	3.0	3.0	3.0	2.0	7.0	2.0	1.0	17.0	8.0	3.0	9.0	8.0	14.0
CLL-JB-0006-Tumor-SM-41QJU	73.0	51.0	7.0	41.0	70.0	38.0	5.0	32.0	52.0	25.0	5.0	40.0	29.0	33.0	8.0	45.0	34.0	13.0	2.0	20.0	12.0	11.0	4.0	20.0	19.0	10.0	3.0	16.0	14.0	15.0	4.0	41.0	110.0	60.0	197.0	69.0	65.0	76.0	96.0	96.0	69.0	82.0	148.0	67.0	55.0	67.0	71.0	77.0	30.0	38.0	59.0	58.0	14.0	26.0	35.0	36.0	23.0	17.0	16.0	23.0	42.0	22.0	14.0	47.0	88.0	31.0	46.0	66.0	27.0	31.0	38.0	28.0	37.0	33.0	36.0	33.0	49.0	50.0	28.0	56.0	11.0	6.0	14.0	11.0	6.0	11.0	11.0	14.0	9.0	8.0	23.0	9.0	10.0	8.0	20.0	22.0
CLL-JB-0007-Tumor-SM-41QJV	31.0	13.0	2.0	18.0	17.0	16.0	5.0	17.0	18.0	17.0	5.0	17.0	23.0	12.0	4.0	41.0	21.0	18.0	3.0	14.0	5.0	6.0	0.0	7.0	6.0	9.0	1.0	21.0	8.0	6.0	0.0	22.0	79.0	32.0	84.0	18.0	29.0	33.0	56.0	43.0	31.0	34.0	60.0	44.0	24.0	33.0	39.0	61.0	47.0	18.0	24.0	47.0	9.0	22.0	12.0	30.0	10.0	5.0	13.0	21.0	63.0	7.0	22.0	43.0	76.0	15.0	51.0	54.0	31.0	30.0	29.0	70.0	32.0	31.0	27.0	29.0	34.0	56.0	21.0	58.0	92.0	15.0	18.0	48.0	55.0	18.0	38.0	137.0	23.0	16.0	27.0	69.0	125.0	18.0	27.0	121.0
CLL-JB-0008-Tumor-SM-41QJW	66.0	53.0	2.0	43.0	77.0	21.0	6.0	46.0	84.0	34.0	9.0	58.0	91.0	63.0	8.0	140.0	32.0	18.0	9.0	27.0	13.0	11.0	5.0	24.0	15.0	17.0	3.0	30.0	17.0	18.0	3.0	40.0	111.0	55.0	135.0	56.0	70.0	86.0	61.0	89.0	66.0	76.0	101.0	67.0	66.0	85.0	47.0	81.0	69.0	31.0	55.0	69.0	30.0	27.0	19.0	27.0	17.0	19.0	21.0	24.0	66.0	16.0	32.0	52.0	107.0	31.0	81.0	107.0	42.0	39.0	40.0	78.0	63.0	39.0	59.0	80.0	64.0	56.0	37.0	107.0	76.0	16.0	20.0	47.0	37.0	13.0	25.0	97.0	12.0	10.0	12.0	50.0	93.0	17.0	34.0	96.0
CLL-JB-0009-Tumor-SM-4MERT	35.0	33.0	3.0	25.0	29.0	18.0	6.0	23.0	23.0	21.0	5.0	17.0	43.0	15.0	0.0	61.0	13.0	12.0	1.0	29.0	10.0	9.0	1.0	7.0	10.0	6.0	3.0	11.0	14.0	7.0	3.0	11.0	62.0	26.0	67.0	25.0	33.0	38.0	45.0	56.0	29.0	32.0	54.0	34.0	34.0	27.0	31.0	42.0	42.0	16.0	21.0	35.0	22.0	18.0	18.0	16.0	10.0	6.0	8.0	9.0	54.0	12.0	19.0	35.0	89.0	33.0	43.0	69.0	32.0	30.0	38.0	67.0	36.0	24.0	24.0	38.0	32.0	42.0	22.0	79.0	61.0	11.0	18.0	46.0	32.0	10.0	22.0	82.0	8.0	4.0	3.0	31.0	69.0	13.0	17.0	60.0
CLL-JB-0010-Tumor-SM-41QJY	52.0	41.0	8.0	41.0	53.0	20.0	5.0	42.0	44.0	32.0	5.0	46.0	63.0	32.0	5.0	112.0	20.0	19.0	4.0	30.0	11.0	7.0	1.0	16.0	7.0	12.0	3.0	25.0	19.0	11.0	3.0	21.0	84.0	40.0	113.0	45.0	57.0	51.0	74.0	72.0	45.0	51.0	78.0	73.0	52.0	66.0	41.0	67.0	79.0	27.0	32.0	71.0	20.0	20.0	22.0	22.0	19.0	14.0	16.0	22.0	63.0	18.0	42.0	62.0	106.0	40.0	60.0	86.0	45.0	46.0	54.0	89.0	34.0	31.0	37.0	54.0	69.0	49.0	29.0	107.0	88.0	9.0	20.0	43.0	31.0	13.0	31.0	102.0	18.0	12.0	18.0	27.0	117.0	30.0	28.0	114.0
CLL-JB-0011-Tumor-SM-41QJZ	32.0	31.0	5.0	24.0	30.0	30.0	1.0	23.0	30.0	15.0	3.0	17.0	16.0	20.0	7.0	40.0	16.0	9.0	2.0	20.0	8.0	5.0	0.0	6.0	7.0	9.0	1.0	15.0	6.0	18.0	2.0	30.0	67.0	34.0	76.0	32.0	43.0	43.0	58.0	47.0	37.0	42.0	70.0	44.0	27.0	38.0	47.0	60.0	28.0	18.0	28.0	30.0	12.0	27.0	20.0	23.0	8.0	16.0	14.0	17.0	24.0	11.0	10.0	22.0	50.0	23.0	22.0	37.0	24.0	35.0	17.0	32.0	35.0	18.0	19.0	36.0	31.0	25.0	20.0	39.0	9.0	5.0	7.0	3.0	4.0	4.0	6.0	12.0	5.0	2.0	11.0	9.0	8.0	4.0	13.0	18.0
CLL-JB-0012-Tumor-SM-41QK1	52.0	50.0	6.0	39.0	50.0	32.0	7.0	44.0	38.0	28.0	5.0	29.0	22.0	29.0	5.0	36.0	33.0	9.0	6.0	10.0	13.0	4.0	2.0	14.0	9.0	8.0	0.0	26.0	12.0	13.0	3.0	29.0	104.0	46.0	173.0	37.0	67.0	55.0	103.0	75.0	55.0	64.0	137.0	67.0	49.0	58.0	57.0	80.0	33.0	43.0	40.0	46.0	20.0	21.0	16.0	30.0	21.0	16.0	14.0	18.0	37.0	23.0	21.0	47.0	86.0	25.0	48.0	56.0	26.0	32.0	36.0	35.0	38.0	35.0	26.0	35.0	49.0	31.0	22.0	61.0	8.0	5.0	14.0	8.0	11.0	3.0	12.0	22.0	2.0	3.0	14.0	8.0	6.0	8.0	13.0	27.0
CLL-JB-0013-Tumor-SM-41QK2	43.0	35.0	5.0	36.0	42.0	22.0	4.0	34.0	41.0	27.0	7.0	32.0	47.0	29.0	6.0	82.0	19.0	8.0	3.0	14.0	10.0	12.0	2.0	14.0	7.0	6.0	4.0	17.0	12.0	21.0	0.0	28.0	95.0	39.0	106.0	46.0	55.0	49.0	73.0	52.0	49.0	57.0	62.0	62.0	64.0	51.0	34.0	69.0	37.0	22.0	17.0	53.0	15.0	17.0	17.0	24.0	11.0	16.0	9.0	15.0	40.0	18.0	30.0	51.0	76.0	24.0	44.0	71.0	26.0	41.0	35.0	80.0	29.0	21.0	28.0	44.0	46.0	46.0	21.0	82.0	61.0	13.0	17.0	43.0	38.0	12.0	23.0	89.0	16.0	10.0	15.0	32.0	86.0	13.0	22.0	110.0
CLL-JB-0014-Tumor-SM-41QK3	92.0	95.0	12.0	59.0	66.0	42.0	10.0	65.0	41.0	35.0	16.0	46.0	68.0	46.0	10.0	109.0	39.0	26.0	9.0	36.0	16.0	19.0	2.0	23.0	16.0	19.0	2.0	22.0	16.0	20.0	4.0	50.0	108.0	68.0	185.0	64.0	90.0	80.0	104.0	108.0	88.0	80.0	143.0	101.0	57.0	85.0	73.0	79.0	76.0	40.0	57.0	91.0	32.0	45.0	37.0	45.0	22.0	22.0	28.0	25.0	78.0	26.0	54.0	88.0	132.0	54.0	53.0	94.0	54.0	42.0	43.0	90.0	63.0	42.0	45.0	72.0	75.0	63.0	42.0	77.0	98.0	15.0	24.0	48.0	51.0	25.0	34.0	96.0	16.0	8.0	33.0	32.0	143.0	20.0	44.0	109.0
CLL-JB-0016-Tumor-SM-41QK5	60.0	54.0	7.0	47.0	53.0	30.0	6.0	44.0	44.0	28.0	5.0	31.0	59.0	30.0	9.0	76.0	29.0	24.0	5.0	19.0	12.0	7.0	4.0	18.0	12.0	8.0	1.0	26.0	10.0	11.0	4.0	29.0	84.0	34.0	104.0	54.0	68.0	58.0	60.0	105.0	44.0	60.0	77.0	57.0	63.0	61.0	51.0	72.0	57.0	43.0	44.0	70.0	28.0	22.0	38.0	41.0	16.0	19.0	19.0	36.0	68.0	12.0	38.0	63.0	111.0	39.0	70.0	109.0	40.0	49.0	38.0	86.0	60.0	53.0	34.0	62.0	58.0	42.0	24.0	84.0	62.0	8.0	28.0	32.0	34.0	12.0	32.0	84.0	16.0	15.0	16.0	23.0	91.0	13.0	24.0	97.0
CLL-JB-0017-Tumor-SM-41QK6	49.0	26.0	3.0	24.0	50.0	16.0	3.0	33.0	28.0	17.0	4.0	25.0	24.0	18.0	3.0	51.0	23.0	8.0	4.0	13.0	8.0	12.0	2.0	4.0	6.0	3.0	4.0	17.0	5.0	6.0	2.0	27.0	79.0	34.0	111.0	27.0	56.0	49.0	71.0	51.0	34.0	41.0	88.0	36.0	33.0	47.0	65.0	49.0	41.0	15.0	28.0	42.0	10.0	15.0	18.0	13.0	13.0	8.0	16.0	15.0	35.0	10.0	14.0	37.0	84.0	27.0	48.0	61.0	18.0	25.0	24.0	32.0	31.0	23.0	23.0	33.0	42.0	29.0	16.0	67.0	35.0	10.0	10.0	23.0	16.0	5.0	17.0	31.0	5.0	3.0	15.0	18.0	37.0	7.0	12.0	55.0
CLL-JB-0018-Tumor-SM-41QK8	65.0	47.0	3.0	38.0	53.0	32.0	7.0	59.0	74.0	35.0	8.0	46.0	67.0	44.0	5.0	100.0	34.0	26.0	5.0	27.0	14.0	9.0	1.0	24.0	15.0	13.0	1.0	30.0	24.0	30.0	3.0	49.0	128.0	65.0	167.0	67.0	77.0	53.0	116.0	77.0	65.0	75.0	139.0	85.0	56.0	77.0	65.0	91.0	57.0	37.0	47.0	79.0	30.0	49.0	26.0	55.0	29.0	16.0	33.0	30.0	73.0	22.0	43.0	75.0	111.0	55.0	71.0	124.0	47.0	83.0	52.0	179.0	64.0	58.0	41.0	60.0	82.0	68.0	44.0	125.0	122.0	24.0	19.0	96.0	66.0	57.0	44.0	331.0	26.0	21.0	30.0	127.0	188.0	32.0	41.0	225.0
CLL-JB-0023-Tumor-SM-41QKD	31.0	20.0	3.0	15.0	23.0	17.0	5.0	20.0	20.0	6.0	6.0	20.0	31.0	10.0	3.0	38.0	14.0	4.0	0.0	17.0	5.0	6.0	0.0	7.0	4.0	6.0	0.0	8.0	1.0	6.0	0.0	8.0	49.0	11.0	66.0	17.0	17.0	22.0	35.0	32.0	17.0	24.0	59.0	40.0	22.0	30.0	26.0	29.0	20.0	7.0	12.0	36.0	9.0	16.0	8.0	8.0	4.0	4.0	7.0	12.0	32.0	5.0	16.0	24.0	50.0	19.0	22.0	46.0	27.0	22.0	24.0	36.0	19.0	11.0	19.0	19.0	22.0	24.0	12.0	51.0	32.0	7.0	8.0	13.0	26.0	7.0	15.0	29.0	13.0	7.0	10.0	9.0	41.0	5.0	13.0	38.0
CLL-JB-0024-Tumor-SM-41QKE	42.0	25.0	4.0	22.0	27.0	21.0	4.0	30.0	30.0	14.0	2.0	22.0	24.0	25.0	3.0	27.0	17.0	9.0	2.0	10.0	9.0	6.0	1.0	13.0	7.0	8.0	1.0	19.0	7.0	13.0	3.0	18.0	55.0	21.0	84.0	27.0	34.0	35.0	56.0	49.0	32.0	36.0	49.0	53.0	31.0	37.0	36.0	31.0	19.0	14.0	25.0	27.0	4.0	22.0	21.0	25.0	8.0	4.0	12.0	7.0	21.0	7.0	18.0	29.0	59.0	15.0	28.0	57.0	18.0	21.0	23.0	32.0	19.0	17.0	24.0	33.0	28.0	35.0	8.0	42.0	25.0	8.0	9.0	19.0	17.0	6.0	5.0	23.0	7.0	10.0	11.0	12.0	29.0	13.0	9.0	42.0
CLL-JB-0025-Tumor-SM-41QKF	38.0	43.0	9.0	34.0	39.0	32.0	8.0	33.0	33.0	29.0	4.0	32.0	35.0	26.0	5.0	34.0	22.0	10.0	6.0	21.0	4.0	5.0	3.0	13.0	9.0	11.0	4.0	24.0	12.0	7.0	4.0	31.0	87.0	32.0	174.0	51.0	48.0	49.0	83.0	59.0	41.0	58.0	120.0	69.0	49.0	55.0	62.0	58.0	29.0	25.0	33.0	54.0	10.0	29.0	18.0	27.0	18.0	14.0	15.0	21.0	34.0	17.0	15.0	31.0	75.0	29.0	32.0	43.0	22.0	26.0	24.0	50.0	23.0	24.0	18.0	38.0	42.0	41.0	25.0	39.0	13.0	3.0	20.0	13.0	7.0	10.0	10.0	15.0	3.0	0.0	15.0	17.0	18.0	3.0	12.0	38.0
CLL-JB-0026-Tumor-SM-41QKG	64.0	43.0	4.0	33.0	45.0	34.0	6.0	42.0	47.0	28.0	6.0	34.0	51.0	26.0	8.0	53.0	27.0	17.0	5.0	15.0	9.0	9.0	1.0	15.0	14.0	13.0	4.0	19.0	8.0	10.0	2.0	38.0	108.0	55.0	135.0	39.0	53.0	54.0	88.0	97.0	53.0	57.0	82.0	69.0	61.0	67.0	58.0	84.0	43.0	28.0	36.0	60.0	17.0	21.0	27.0	31.0	24.0	16.0	17.0	17.0	54.0	9.0	22.0	43.0	101.0	33.0	57.0	70.0	39.0	50.0	34.0	56.0	40.0	33.0	38.0	65.0	57.0	40.0	30.0	71.0	51.0	13.0	13.0	26.0	37.0	14.0	13.0	43.0	11.0	10.0	25.0	18.0	50.0	16.0	23.0	60.0
CLL-JB-0029-Tumor-SM-41QKJ	34.0	20.0	2.0	26.0	39.0	15.0	3.0	24.0	25.0	18.0	1.0	20.0	29.0	9.0	4.0	44.0	23.0	3.0	2.0	12.0	4.0	7.0	1.0	7.0	4.0	6.0	1.0	12.0	4.0	5.0	3.0	21.0	58.0	17.0	83.0	20.0	31.0	39.0	53.0	45.0	18.0	21.0	71.0	26.0	32.0	30.0	30.0	37.0	26.0	13.0	20.0	36.0	11.0	14.0	15.0	17.0	4.0	7.0	13.0	9.0	33.0	9.0	15.0	30.0	56.0	14.0	34.0	40.0	39.0	30.0	21.0	50.0	24.0	20.0	24.0	20.0	29.0	24.0	21.0	45.0	22.0	5.0	8.0	20.0	23.0	6.0	22.0	54.0	11.0	6.0	5.0	11.0	39.0	7.0	14.0	63.0
CLL-JB-0030-Tumor-SM-41QKK	48.0	43.0	6.0	44.0	44.0	31.0	3.0	43.0	28.0	20.0	6.0	24.0	29.0	19.0	7.0	47.0	26.0	13.0	4.0	18.0	11.0	13.0	2.0	13.0	10.0	11.0	4.0	16.0	12.0	17.0	3.0	38.0	77.0	37.0	133.0	37.0	62.0	66.0	61.0	80.0	55.0	49.0	112.0	65.0	49.0	64.0	48.0	73.0	34.0	38.0	37.0	49.0	12.0	28.0	31.0	24.0	12.0	14.0	22.0	24.0	40.0	18.0	15.0	33.0	65.0	24.0	42.0	75.0	30.0	35.0	38.0	39.0	41.0	30.0	22.0	40.0	40.0	40.0	24.0	51.0	27.0	5.0	17.0	14.0	12.0	9.0	12.0	56.0	6.0	10.0	15.0	12.0	25.0	6.0	20.0	29.0
CLL-JB-0031-Tumor-SM-41QKL	23.0	22.0	1.0	6.0	10.0	7.0	3.0	11.0	9.0	11.0	2.0	10.0	10.0	11.0	2.0	17.0	6.0	6.0	1.0	5.0	0.0	2.0	1.0	3.0	5.0	3.0	1.0	3.0	7.0	2.0	0.0	7.0	33.0	11.0	89.0	15.0	29.0	29.0	42.0	22.0	34.0	24.0	62.0	18.0	11.0	27.0	31.0	30.0	10.0	6.0	10.0	12.0	4.0	14.0	6.0	5.0	4.0	4.0	3.0	6.0	12.0	7.0	4.0	14.0	26.0	8.0	11.0	26.0	3.0	7.0	14.0	10.0	14.0	8.0	8.0	12.0	12.0	17.0	9.0	16.0	6.0	2.0	5.0	2.0	1.0	1.0	2.0	1.0	1.0	1.0	2.0	4.0	0.0	2.0	5.0	7.0
CLL-JB-0032-Tumor-SM-41QKM	26.0	18.0	2.0	14.0	29.0	9.0	5.0	19.0	21.0	16.0	1.0	13.0	15.0	13.0	1.0	23.0	15.0	4.0	4.0	10.0	4.0	3.0	2.0	8.0	7.0	6.0	1.0	10.0	7.0	1.0	0.0	17.0	53.0	21.0	65.0	37.0	41.0	31.0	35.0	50.0	30.0	39.0	39.0	43.0	25.0	30.0	27.0	36.0	13.0	15.0	16.0	14.0	8.0	11.0	10.0	10.0	7.0	5.0	13.0	17.0	21.0	4.0	11.0	17.0	47.0	16.0	34.0	29.0	17.0	10.0	10.0	24.0	21.0	14.0	20.0	15.0	12.0	8.0	13.0	28.0	11.0	5.0	2.0	12.0	10.0	7.0	4.0	33.0	3.0	4.0	8.0	12.0	11.0	5.0	5.0	31.0
CLL-JB-0072-Tumor-SM-4CQKI	26.0	18.0	5.0	9.0	14.0	15.0	3.0	15.0	20.0	10.0	4.0	19.0	7.0	6.0	1.0	14.0	11.0	9.0	1.0	9.0	2.0	5.0	2.0	9.0	6.0	3.0	4.0	3.0	2.0	5.0	1.0	11.0	45.0	18.0	90.0	28.0	39.0	38.0	53.0	31.0	31.0	25.0	49.0	45.0	27.0	34.0	34.0	39.0	15.0	20.0	17.0	16.0	2.0	14.0	12.0	14.0	3.0	3.0	4.0	7.0	17.0	8.0	8.0	15.0	31.0	10.0	20.0	24.0	11.0	16.0	11.0	17.0	9.0	10.0	14.0	18.0	24.0	16.0	8.0	23.0	6.0	1.0	4.0	2.0	1.0	1.0	5.0	3.0	2.0	1.0	5.0	1.0	3.0	6.0	5.0	5.0
CLL-JB-0073-Tumor-SM-4CQKJ	74.0	60.0	16.0	67.0	85.0	33.0	9.0	56.0	56.0	31.0	6.0	42.0	49.0	45.0	7.0	57.0	32.0	23.0	5.0	28.0	14.0	18.0	4.0	24.0	17.0	17.0	7.0	20.0	23.0	21.0	4.0	54.0	145.0	75.0	291.0	83.0	97.0	121.0	139.0	132.0	81.0	118.0	220.0	90.0	92.0	109.0	115.0	82.0	49.0	83.0	61.0	71.0	23.0	35.0	31.0	39.0	19.0	25.0	29.0	33.0	36.0	36.0	16.0	69.0	130.0	51.0	65.0	101.0	37.0	51.0	28.0	48.0	36.0	42.0	40.0	67.0	35.0	42.0	45.0	63.0	13.0	6.0	13.0	16.0	7.0	10.0	13.0	21.0	8.0	5.0	19.0	13.0	17.0	9.0	17.0	31.0
